Module,check,result,severity,recommendation,affected,fix_command_template
LDAP,Total user accounts,16,OK,Ensure regular review of user accounts.,,
LDAP,Password expiration policy,All users expire passwords normally,OK,No action required.,,
LDAP,Disabled accounts,"Guest, krbtgt, Bob, TestUser",INFO,Remove or review disabled accounts periodically.,,
LDAP,Total groups,53,OK,Review group memberships for least privilege.,,
SSH,PermitRootLogin,prohibit-password,OK,Set 'PermitRootLogin no' to disable remote root login.,,
SSH,PasswordAuthentication,yes,WARN,Disable password authentication; use key-based authentication.,,
SSH,SSH Protocol Version,2,OK,Use Protocol 2 only.,,
SSH,Login Banner (User: Bob),C:\ProgramData\ssh\login_banner.txt,OK,Personalized banner configured for user 'Bob'.,,
Active Directory,Domain Admins membership,2 comptes,OK,Limiter les comptes privilégiés → Principe du moindre privilège.,,
Active Directory,Enterprise Admins membership,1 comptes,OK,Limiter les comptes privilégiés → Principe du moindre privilège.,,
Active Directory,Schema Admins membership,1 comptes,OK,Limiter les comptes privilégiés → Principe du moindre privilège.,,
Active Directory,Administrators membership,3 comptes,OK,Limiter les comptes privilégiés → Principe du moindre privilège.,,
Active Directory,Backup Operators membership,0 comptes,OK,Limiter les comptes privilégiés → Principe du moindre privilège.,,
Active Directory,Account Operators membership,0 comptes,OK,Limiter les comptes privilégiés → Principe du moindre privilège.,,
Active Directory,Comptes désactivés,"Guest, krbtgt, Bob, TestUser",INFO,Supprimer les comptes désactivés non nécessaires.,,
Active Directory,Password Never Expires,Tous expirent correctement,OK,Désactiver 'PasswordNeverExpires'.,,
Active Directory,Compte sans expiration,16 comptes détectés,WARN,,"['Administrator', 'Guest', 'WIN-M594PNTC1Q5$', 'krbtgt', 'sshd', 'SQLService1', 'WebService1', 'ShadowAdmin', 'CustomAdmin', 'PotatoUser', 'Alice', 'Bob', 'TestUser', 'PNE_User1', 'User_NoKrb', 'Svc_SSHD']",Set-ADUser -Identity {USERNAME} -AccountExpirationDate (Get-Date).AddDays(30)
Active Directory,Kerberos Pre-Auth désactivé,Aucun,OK,Activer Kerberos Pre-Auth pour éviter AS-REP Roasting.,,
Active Directory,Comptes inactifs (> 90 jours),Aucun,OK,Désactiver les comptes inactifs ou appliquer une politique lifecycle.,,
